Category,Question#,Title,Detail_lesson,School,CustomInstruction,Kind,Required,Options,AllowMultiple,MaxPicks,AllowOther,Shuffle,Scale,LowLabel,HighLabel,YesLabel,NoLabel,Unsure,FollowUpWhen,FollowUpPrompt,RankTop,TextLength,MaxLength,Placeholder,Themes,Tags
"Work Setup",1,"Best day to gather in person","Teams that meet in person some of the time rarely agree on which day earns the travel.","","","choice","false","Monday|Tuesday|Wednesday|Thursday|Friday","false","","false","false","","","","","","false","","","","","","","false","hybrid"
"Work Setup",2,"How protected is your focus time right now?","Above a certain number of meetings, coordination starts being the work itself.","","","rating","false","","false","","false","false","1-5","Constantly interrupted","Well protected","","","false","","","","","","","false","focus"
"Work Setup",3,"Core hours worth protecting","Distributed teams trade overlap for flexibility, and the right balance is genuinely contested.","","","choice","false","None, keep it fully flexible|Two hours a day|Four hours a day|The whole working day","false","","false","false","","","","","","false","","","","","","","false","hybrid"
"Communication",1,"Fastest way to reach you","Everyone has a preferred channel and a channel they actually check. They are often not the same.","","","choice","false","A chat message|Email|A phone call|A comment on the ticket|Walking over","false","","false","false","","","","","","false","","","","","","","false","channels"
"Communication",2,"Cameras should be on by default in team calls","Video defaults get set once, early, and are rarely revisited as teams change shape.","","","yesno","false","","false","","false","false","","","","Agree","Disagree","true","","","","","","","false","meetings"
"Communication",3,"How useful are the status updates you read each week?","Update cadence is usually inherited rather than chosen.","","","rating","false","","false","","false","false","1-5","Noise","Essential","","","false","","","","","","","false","updates"
"Growth",1,"Learn by doing or read first?","Most people have a strong default and assume it is the universal one.","","","choice","false","Learn by doing|Read first|Watch someone do it first|It depends on the thing","false","","false","false","","","","","","false","","","","","","","false","learning"
"Growth",2,"Should we protect one afternoon a month for learning together?","No meetings, no tickets: a talk, a workshop or time on your own.","","","yesno","false","","false","","false","false","","","","Approve","Decline","false","","","","","","","false","learning"
"Tools",1,"One tool you would remove","Name a single tool and what takes over its job. If nothing does, say what simply stops happening.","","","text","false","","false","","false","false","","","","","","false","","","","short","280","The tool, then what replaces it","true","tools"
"Tools",2,"How should a process be explained to you?","The same explanation lands very differently depending on the medium and the reader’s hurry.","","","choice","false","A written doc|A short video|A live walkthrough|A diagram","true","2","false","false","","","","","","false","","","","","","","false","tools|docs"
